{"homebrew_version":"2.5.11","used_options":[],"unused_options":[],"built_as_bottle":false,"poured_from_bottle":false,"installed_as_dependency":false,"installed_on_request":true,"changed_files":null,"time":1605793427,"source_modified_time":1605756601,"HEAD":"07b3aa69f8dc5098437cf2562864558bae2d45aa","stdlib":null,"compiler":"clang","aliases":[],"runtime_dependencies":[{"full_name":"libplist","version":"2.2.0"},{"full_name":"libtasn1","version":"4.16.0"},{"full_name":"libusb","version":"1.0.23"},{"full_name":"libusbmuxd","version":"2.0.2"},{"full_name":"openssl@1.1","version":"1.1.1h"}],"source":{"path":"/usr/local/Homebrew/Library/Taps/homebrew/homebrew-core/Formula/libimobiledevice.rb","tap":"homebrew/core","spec":"head","versions":{"stable":"1.3.0","head":"HEAD-16a8b97","version_scheme":0}},"arch":"x86_64","built_on":{"os":"Macintosh","os_version":"macOS 10.15.7","cpu_family":"kabylake","xcode":"12.1","clt":"11.0.0.0.1.1567737322"}}